{
  "hash": "6fb042b7",
  "configHash": "8430784f",
  "lockfileHash": "04f29a45",
  "browserHash": "ddbc3c9a",
  "optimized": {
    "@angular/core": {
      "src": "../../../../../node_modules/@angular/core/fesm2022/core.mjs",
      "file": "@angular_core.js",
      "fileHash": "e85dbba1",
      "needsInterop": false
    },
    "@angular/platform-browser": {
      "src": "../../../../../node_modules/@angular/platform-browser/fesm2022/platform-browser.mjs",
      "file": "@angular_platform-browser.js",
      "fileHash": "37e479d1",
      "needsInterop": false
    },
    "@angular/platform-browser/animations": {
      "src": "../../../../../node_modules/@angular/platform-browser/fesm2022/animations.mjs",
      "file": "@angular_platform-browser_animations.js",
      "fileHash": "2095173c",
      "needsInterop": false
    },
    "@angular/platform-server": {
      "src": "../../../../../node_modules/@angular/platform-server/fesm2022/platform-server.mjs",
      "file": "@angular_platform-server.js",
      "fileHash": "824d99b8",
      "needsInterop": false
    },
    "@angular/router": {
      "src": "../../../../../node_modules/@angular/router/fesm2022/router.mjs",
      "file": "@angular_router.js",
      "fileHash": "59a6e579",
      "needsInterop": false
    },
    "mdb-angular-ui-kit/collapse": {
      "src": "../../../../../node_modules/mdb-angular-ui-kit/fesm2022/mdb-angular-ui-kit-collapse.mjs",
      "file": "mdb-angular-ui-kit_collapse.js",
      "fileHash": "19b59c17",
      "needsInterop": false
    }
  },
  "chunks": {
    "chunk-DSBCXPXX": {
      "file": "chunk-DSBCXPXX.js"
    },
    "chunk-ZXNHH7JF": {
      "file": "chunk-ZXNHH7JF.js"
    },
    "chunk-5JKYDCKR": {
      "file": "chunk-5JKYDCKR.js"
    },
    "xhr2-JDAPKF6S": {
      "file": "xhr2-JDAPKF6S.js"
    },
    "chunk-NQ4HTGF6": {
      "file": "chunk-NQ4HTGF6.js"
    }
  }
}