{
  "hash": "892c39a0",
  "configHash": "7263a22b",
  "lockfileHash": "04f29a45",
  "browserHash": "ef141e89",
  "optimized": {
    "@angular/core": {
      "src": "../../../../../node_modules/@angular/core/fesm2022/core.mjs",
      "file": "@angular_core.js",
      "fileHash": "1eac9204",
      "needsInterop": false
    },
    "@angular/platform-browser": {
      "src": "../../../../../node_modules/@angular/platform-browser/fesm2022/platform-browser.mjs",
      "file": "@angular_platform-browser.js",
      "fileHash": "01c2a718",
      "needsInterop": false
    },
    "@angular/platform-browser/animations": {
      "src": "../../../../../node_modules/@angular/platform-browser/fesm2022/animations.mjs",
      "file": "@angular_platform-browser_animations.js",
      "fileHash": "bf67566c",
      "needsInterop": false
    },
    "@angular/router": {
      "src": "../../../../../node_modules/@angular/router/fesm2022/router.mjs",
      "file": "@angular_router.js",
      "fileHash": "5dd7f207",
      "needsInterop": false
    },
    "mdb-angular-ui-kit/collapse": {
      "src": "../../../../../node_modules/mdb-angular-ui-kit/fesm2022/mdb-angular-ui-kit-collapse.mjs",
      "file": "mdb-angular-ui-kit_collapse.js",
      "fileHash": "3fe0a576",
      "needsInterop": false
    }
  },
  "chunks": {
    "chunk-HWYRZ3C2": {
      "file": "chunk-HWYRZ3C2.js"
    },
    "chunk-ATW4J2AJ": {
      "file": "chunk-ATW4J2AJ.js"
    }
  }
}